ID,Name,Location,Type,Vibe,Key Feature,
1,Creature Comforts Downtown Taproom,Downtown,Brewery,Relaxed social,Local craft beer,
2,Wonderbar,Downtown,Arcade bar,Playful lively,Arcade games,
3,Manhattan Cafe,Downtown,Cocktail bar,Classic low-key,Cocktails and free popcorn,
4,Boar's Head Lounge,Downtown,Dive bar / music venue,Casual loud,Live music patio,
5,Flicker Theatre & Bar,Downtown,Music venue / bar,Artsy indie,Shows and film screenings,
6,The Old Pal,Normaltown,Cocktail bar,Polished neighborhood,Whiskey and seasonal cocktails,
7,HYBAR,Downtown,Rooftop bar,Upbeat scenic,Rooftop city views,
8,Allgood Lounge,Downtown,Bar / music venue,Eclectic casual,Rooftop and live music,
9,Blue Sky,Downtown,Bar,Sports-focused casual,Large beer selection,
10,Cutters Pub,Downtown,Sports bar,Lively casual,Pool and darts,
11,The World Famous,Downtown,Bar / restaurant,Alternative late-night,Late-night food and music,
12,Little Kings Shuffle Club,Downtown,Bar / music venue,Retro lively,Shuffleboard and shows,
13,Trappeze Pub,Downtown,Gastropub,Beer-focused relaxed,Extensive beer selection,
14,The Roadhouse,Downtown,Dive bar,No-frills local,Classic dive-bar atmosphere,
15,The Grill,Downtown,Late-night diner,Casual iconic,24-hour diner energy,
16,Sister Louisa's Church,Downtown,Art bar,Quirky eclectic,Offbeat art and decor,
17,Nighthawks Lounge,Downtown,Bar / restaurant,Stylish social,Cocktails and food,
18,Walker’s Coffee & Pub,Downtown,Coffee bar,Laid-back mixed-use,Coffee by day drinks by night,
19,Church Bar,Downtown,Bar,Student lively,Campus-adjacent drinks,
20,Bar South,Downtown,Dance bar,High-energy,DJ and dance floor,
21,Nowhere Bar,Downtown,Music venue / bar,Loud late-night,Live bands and dancing,
22,Live Wire Athens,Downtown,Music venue / bar,Concert-focused,Live performances,
23,Hendershot's,Normaltown,Coffeehouse / music venue,Community artsy,Intimate shows,
24,Normal Bar,Normaltown,Neighborhood bar,Relaxed local,Neighborhood hangout,
25,Hi-Lo Lounge,Normaltown,Cocktail bar,Retro polished,Cocktails and patio,
26,The Root,Normaltown,Bar / restaurant,Casual local,Patio and comfort food,
27,The Royal Peasant,Five Points,Pub,Cozy traditional,British pub atmosphere,
28,The Pine Bar,Five Points,Cocktail bar,Refined intimate,Creative cocktails,
29,The Globe,Downtown,Gastropub,Cozy international,European pub feel,
30,Seabear Oyster Bar,Downtown,Seafood bar,Polished social,Oysters and cocktails,